Term,DocId,TfIdf
www,13,1.1905848478855665
url,13,0.4150759467013043
http,13,0.2521496057242568
microsoft,13,0.4150759467013043
com,13,0.10994239480501697
