Term,DocId,TfIdf
airsar,32,0.6643246051307525
images,32,0.4332578489886803
death,32,0.2015897550708773
valley,32,0.3224857896545748
cm,32,0.18678417601558692
band,32,0.4995327618305361
updated,32,0.06323815562492392
bruce,32,0.14623766520477052
chapman,32,0.15425479770852948
jpl,32,0.14441928299622678
nasa,32,0.13185356158218148
gov,32,0.12915020051866768
