Term,DocId,TfIdf
netshade,35,1.3818607473849485
screen,35,0.4669604400389674
shot,35,0.4669604400389674
windows,35,0.4569551015797753
view,35,0.2313927897040897
security,35,0.236232103726676
levels,35,0.2963053210487101
