Term,DocId,TfIdf
honors,90,0.4247438774779298
office,90,0.20290455726970005
staff,90,0.2479562359483849
dr,90,0.1271535854097452
ira,90,0.22352031070908446
cohen,90,0.1915556359922199
director,90,0.2758800613129301
ms,90,0.5746669079766596
sara,90,0.2460461500484269
assistant,90,0.2030911562576779
kerry,90,0.2561751254258688
susan,90,0.2685719893877693
