Term,DocId,TfIdf
imagemap,102,0.7896347127913991
errorimagemap,102,0.3948173563956995
erroryour,102,0.3948173563956995
client,102,0.4178219005850586
send,102,0.0918654454977891
coordinates,102,0.3948173563956995
doesn,102,0.2611172009027287
support,102,0.11190212999587254
map,102,0.4606939852208211
file,102,0.20380673857951886
accessed,102,0.3163450500622631
