Term,DocId,TfIdf
powerpoint,111,2.763721494769897
internet,111,1.2296950272030884
