Term,DocId,TfIdf
cigar,127,0.3842626881388032
baron,127,0.5763940322082048
monthly,127,0.2822814021702936
special,127,0.3085237196054529
month,127,0.21308571033084106
offer,127,0.1098779679851512
value,127,0.0852584541751709
customers,127,0.1523183671932584
buy,127,0.14114070108514676
worth,127,0.13436907902273948
cigars,127,0.2134157450596512
free,127,0.061849655071051814
common,127,0.09000613164805497
sense,127,0.1098779679851512
call,127,0.08590446194750279
home,127,0.04519965554372821
