Term,DocId,TfIdf
imagemap,130,0.7896347127913991
errorimagemap,130,0.3948173563956995
erroryour,130,0.3948173563956995
client,130,0.4178219005850586
send,130,0.0918654454977891
coordinates,130,0.3948173563956995
doesn,130,0.2611172009027287
support,130,0.11190212999587254
map,130,0.4606939852208211
file,130,0.20380673857951886
accessed,130,0.3163450500622631
