Term,DocId,TfIdf
powerpoint,148,1.1054885979079587
internet,148,0.4918780108812354
elizabeth,148,0.2952553800581123
david,148,0.17397815049703436
rod,148,0.3684961993026529
mitchell,148,0.2056730636113727
slide,148,0.8294120226799652
view,148,0.1234094878421812
graphic,148,0.254846326486758
version,148,0.16713454022636212
