Term,DocId,TfIdf
index,153,0.3419170426438465
aw,153,1.4634222518376083
accesswatch,153,1.777311477171354
size,153,0.3935506096142875
