Term,DocId,TfIdf
college,155,0.44903827424726295
continuing,155,0.4755490566855442
education,155,0.2107938520830797
comments,155,0.22809331769668698
questions,155,0.302311820472581
revision,155,0.5969221400807467
