Term,DocId,TfIdf
william,158,0.2557028523970093
puette,158,1.244118034019948
red,158,0.2724082608633259
horse,158,0.4834295808979849
poems,158,0.402336559276352
law,158,0.10276333192095287
main,158,0.20010824649236328
squeeze,158,0.5527442989539794
button,158,0.15020912988046448
