Term,DocId,TfIdf
barrone,186,1.244118034019948
faq,186,0.4274680021044426
info,186,0.2269346451518312
austin,186,0.3735683520311739
tx,186,0.4274680021044426
dorm,186,0.4274680021044426
fax,186,0.2349389159191848
square,186,0.33873768260435233
feet,186,0.3512539968997529
