Term,DocId,TfIdf
de,488,0.21921923194355164
productos,488,0.5854233281662549
lubricantes,488,1.3060016923685644
automotrices,488,0.8536629802386049
industriales,488,0.8536629802386049
