Term,DocId,TfIdf
indonesia,496,0.5550364020339289
crude,496,0.9212404982566322
oil,496,0.4138200919693951
natural,496,0.3719343539225775
gas,496,0.4138200919693951
operations,496,0.3814607562292356
