term,count,tf
aaa,3,0.041666666666666664
industrial,3,0.041666666666666664
robot,5,0.06944444444444445
store,2,0.027777777777777776
reveals,2,0.027777777777777776
secrets,2,0.027777777777777776
quote,3,0.041666666666666664
system,4,0.05555555555555555
storekeep,1,0.013888888888888888
simple,1,0.013888888888888888
lowest,1,0.013888888888888888
price,2,0.027777777777777776
guaranteed,1,0.013888888888888888
free,1,0.013888888888888888
shipping,1,0.013888888888888888
installation,1,0.013888888888888888
training,1,0.013888888888888888
appreciate,1,0.013888888888888888
time,1,0.013888888888888888
re,1,0.013888888888888888
read,1,0.013888888888888888
web,1,0.013888888888888888
site,1,0.013888888888888888
understand,1,0.013888888888888888
committed,1,0.013888888888888888
delivering,1,0.013888888888888888
company,1,0.013888888888888888
allow,1,0.013888888888888888
robotic,1,0.013888888888888888
money,1,0.013888888888888888
mouth,1,0.013888888888888888
demonstrate,1,0.013888888888888888
prices,1,0.013888888888888888
expertise,1,0.013888888888888888
previous,1,0.013888888888888888
background,1,0.013888888888888888
info,1,0.013888888888888888
contact,1,0.013888888888888888
proof,1,0.013888888888888888
check,1,0.013888888888888888
home,2,0.027777777777777776
page,1,0.013888888888888888
mail,3,0.041666666666666664
send,1,0.013888888888888888
email,1,0.013888888888888888
phone,1,0.013888888888888888
estor,1,0.013888888888888888
click,1,0.013888888888888888
icon,1,0.013888888888888888
modified,1,0.013888888888888888
saturday,1,0.013888888888888888
january,1,0.013888888888888888
