term,count,tf
www,5,0.5555555555555556
url,1,0.1111111111111111
http,1,0.1111111111111111
microsoft,1,0.1111111111111111
com,1,0.1111111111111111
