term,count,tf
touchpoint,5,0.06329113924050633
reflexology,4,0.05063291139240506
kinesthetics,2,0.02531645569620253
yvette,2,0.02531645569620253
eastman,2,0.02531645569620253
health,2,0.02531645569620253
consultant,1,0.012658227848101266
bay,1,0.012658227848101266
road,1,0.012658227848101266
telephone,1,0.012658227848101266
fax,1,0.012658227848101266
outside,1,0.012658227848101266
vancouver,1,0.012658227848101266
http,1,0.012658227848101266
www,1,0.012658227848101266
shared,3,0.0379746835443038
vision,3,0.0379746835443038
com,2,0.02531645569620253
mail,1,0.012658227848101266
goal,1,0.012658227848101266
finest,1,0.012658227848101266
effective,1,0.012658227848101266
information,2,0.02531645569620253
classes,1,0.012658227848101266
available,1,0.012658227848101266
social,1,0.012658227848101266
professional,1,0.012658227848101266
purposes,1,0.012658227848101266
exquisite,1,0.012658227848101266
learning,2,0.02531645569620253
experience,1,0.012658227848101266
unique,1,0.012658227848101266
favour,1,0.012658227848101266
certificate,1,0.012658227848101266
seminars,1,0.012658227848101266
unusual,1,0.012658227848101266
methods,1,0.012658227848101266
aid,1,0.012658227848101266
recalling,1,0.012658227848101266
vast,1,0.012658227848101266
amounts,1,0.012658227848101266
promise,1,0.012658227848101266
stress,1,0.012658227848101266
free,1,0.012658227848101266
environment,1,0.012658227848101266
comfort,1,0.012658227848101266
courses,1,0.012658227848101266
calendar,1,0.012658227848101266
consultations,1,0.012658227848101266
services,1,0.012658227848101266
explained,1,0.012658227848101266
merchandise,1,0.012658227848101266
pages,1,0.012658227848101266
attached,1,0.012658227848101266
copyright,1,0.012658227848101266
rights,1,0.012658227848101266
reserved,1,0.012658227848101266
village,1,0.012658227848101266
market,1,0.012658227848101266
page,1,0.012658227848101266
design,1,0.012658227848101266
