term,count,tf
muhlenberg,2,0.031746031746031744
college,3,0.047619047619047616
page,1,0.015873015873015872
energy,4,0.06349206349206349
analysis,1,0.015873015873015872
main,1,0.015873015873015872
menu,1,0.015873015873015872
study,2,0.031746031746031744
completed,4,0.06349206349206349
campus,2,0.031746031746031744
wide,1,0.015873015873015872
audit,1,0.015873015873015872
buildings,2,0.031746031746031744
sf,1,0.015873015873015872
conservation,1,0.015873015873015872
opportunities,1,0.015873015873015872
identified,1,0.015873015873015872
potential,1,0.015873015873015872
savings,1,0.015873015873015872
entech,1,0.015873015873015872
ems,1,0.015873015873015872
include,1,0.015873015873015872
estimated,1,0.015873015873015872
construction,1,0.015873015873015872
cost,1,0.015873015873015872
design,2,0.031746031746031744
street,1,0.015873015873015872
lighting,2,0.031746031746031744
provide,1,0.015873015873015872
major,1,0.015873015873015872
roads,1,0.015873015873015872
return,1,0.015873015873015872
list,1,0.015873015873015872
pleased,1,0.015873015873015872
talk,1,0.015873015873015872
projects,1,0.015873015873015872
please,1,0.015873015873015872
contact,1,0.015873015873015872
vp,1,0.015873015873015872
marketing,1,0.015873015873015872
matt,1,0.015873015873015872
lloyd,1,0.015873015873015872
email,1,0.015873015873015872
mlloyd,1,0.015873015873015872
entecheng,1,0.015873015873015872
novel,1,0.015873015873015872
net,1,0.015873015873015872
updated,1,0.015873015873015872
june,1,0.015873015873015872
