term,count,tf
autoshop,1,0.015151515151515152
text,1,0.015151515151515152
version,1,0.015151515151515152
please,1,0.015151515151515152
select,1,0.015151515151515152
visit,1,0.015151515151515152
service,2,0.030303030303030304
department,2,0.030303030303030304
submit,1,0.015151515151515152
question,1,0.015151515151515152
graphical,1,0.015151515151515152
index,1,0.015151515151515152
page,2,0.030303030303030304
automotive,8,0.12121212121212122
body,1,0.015151515151515152
overview,6,0.09090909090909091
emergencies,1,0.015151515151515152
tips,2,0.030303030303030304
engines,1,0.015151515151515152
fuel,1,0.015151515151515152
systems,4,0.06060606060606061
history,1,0.015151515151515152
cooling,1,0.015151515151515152
system,3,0.045454545454545456
drive,1,0.015151515151515152
line,1,0.015151515151515152
electrical,1,0.015151515151515152
electronics,1,0.015151515151515152
emission,1,0.015151515151515152
control,1,0.015151515151515152
environment,1,0.015151515151515152
environmental,1,0.015151515151515152
auto,1,0.015151515151515152
insight,1,0.015151515151515152
program,1,0.015151515151515152
home,1,0.015151515151515152
copyright,1,0.015151515151515152
information,1,0.015151515151515152
site,1,0.015151515151515152
created,1,0.015151515151515152
periscope,1,0.015151515151515152
marketing,1,0.015151515151515152
communications,1,0.015151515151515152
modified,1,0.015151515151515152
january,1,0.015151515151515152
