term,count,tf
cigar,2,0.08333333333333333
baron,3,0.125
monthly,2,0.08333333333333333
special,4,0.16666666666666666
month,2,0.08333333333333333
offer,1,0.041666666666666664
value,1,0.041666666666666664
customers,1,0.041666666666666664
buy,1,0.041666666666666664
worth,1,0.041666666666666664
cigars,1,0.041666666666666664
free,1,0.041666666666666664
common,1,0.041666666666666664
sense,1,0.041666666666666664
call,1,0.041666666666666664
home,1,0.041666666666666664
