term,count,tf
official,1,0.016129032258064516
learn,5,0.08064516129032258
home,5,0.08064516129032258
web,1,0.016129032258064516
site,2,0.03225806451612903
feedback,5,0.08064516129032258
page,1,0.016129032258064516
send,2,0.03225806451612903
comments,2,0.03225806451612903
regarding,1,0.016129032258064516
website,5,0.08064516129032258
improvements,1,0.016129032258064516
corrections,1,0.016129032258064516
please,2,0.03225806451612903
email,1,0.016129032258064516
messages,2,0.03225806451612903
pertaining,1,0.016129032258064516
matters,1,0.016129032258064516
processed,1,0.016129032258064516
mechanism,1,0.016129032258064516
critique,1,0.016129032258064516
read,1,0.016129032258064516
development,1,0.016129032258064516
team,1,0.016129032258064516
thank,2,0.03225806451612903
understanding,1,0.016129032258064516
direct,1,0.016129032258064516
questions,1,0.016129032258064516
concerning,1,0.016129032258064516
organizations,2,0.03225806451612903
contacting,1,0.016129032258064516
directly,1,0.016129032258064516
time,1,0.016129032258064516
assistance,1,0.016129032258064516
improving,1,0.016129032258064516
christian,1,0.016129032258064516
community,1,0.016129032258064516
network,1,0.016129032258064516
tm,1,0.016129032258064516
