term,count,tf
imagemap,2,0.14285714285714285
errorimagemap,1,0.07142857142857142
erroryour,1,0.07142857142857142
client,2,0.14285714285714285
send,1,0.07142857142857142
coordinates,1,0.07142857142857142
doesn,1,0.07142857142857142
support,1,0.07142857142857142
map,2,0.14285714285714285
file,1,0.07142857142857142
accessed,1,0.07142857142857142
