term,count,tf
college,1,0.16666666666666666
continuing,1,0.16666666666666666
education,1,0.16666666666666666
comments,1,0.16666666666666666
questions,1,0.16666666666666666
revision,1,0.16666666666666666
