term,count,tf
morrison,3,0.04918032786885246
knudsen,3,0.04918032786885246
financials,3,0.04918032786885246
merger,1,0.01639344262295082
washington,1,0.01639344262295082
construction,2,0.03278688524590164
resulted,1,0.01639344262295082
company,2,0.03278688524590164
operational,1,0.01639344262295082
focus,1,0.01639344262295082
proven,1,0.01639344262295082
management,1,0.01639344262295082
professionals,1,0.01639344262295082
financial,1,0.01639344262295082
strength,1,0.01639344262295082
mk,7,0.11475409836065574
essentially,1,0.01639344262295082
debt,1,0.01639344262295082
free,1,0.01639344262295082
unlimited,1,0.01639344262295082
capacity,1,0.01639344262295082
established,1,0.01639344262295082
line,1,0.01639344262295082
credit,1,0.01639344262295082
revenue,1,0.01639344262295082
employees,1,0.01639344262295082
combined,1,0.01639344262295082
form,1,0.01639344262295082
engineering,1,0.01639344262295082
force,1,0.01639344262295082
experience,1,0.01639344262295082
countries,1,0.01639344262295082
information,1,0.01639344262295082
mail,1,0.01639344262295082
com,1,0.01639344262295082
organization,1,0.01639344262295082
core,1,0.01639344262295082
operating,1,0.01639344262295082
markets,1,0.01639344262295082
major,1,0.01639344262295082
office,1,0.01639344262295082
locations,1,0.01639344262295082
news,1,0.01639344262295082
releases,1,0.01639344262295082
return,1,0.01639344262295082
home,1,0.01639344262295082
page,1,0.01639344262295082
