term,count,tf
entech,3,0.045454545454545456
engineering,4,0.06060606060606061
home,1,0.015151515151515152
page,1,0.015151515151515152
architectural,1,0.015151515151515152
services,1,0.015151515151515152
clients,1,0.015151515151515152
newsletter,1,0.015151515151515152
central,1,0.015151515151515152
heating,1,0.015151515151515152
chilling,1,0.015151515151515152
system,2,0.030303030303030304
design,3,0.045454545454545456
electric,1,0.015151515151515152
utility,1,0.015151515151515152
deregulation,1,0.015151515151515152
studies,2,0.030303030303030304
energy,1,0.015151515151515152
audits,2,0.030303030303030304
environmental,1,0.015151515151515152
permitting,1,0.015151515151515152
facility,2,0.030303030303030304
water,1,0.015151515151515152
wastewater,1,0.015151515151515152
main,1,0.015151515151515152
office,2,0.030303030303030304
reading,2,0.030303030303030304
pa,3,0.045454545454545456
usa,3,0.045454545454545456
branch,1,0.015151515151515152
mail,1,0.015151515151515152
information,1,0.015151515151515152
matt,1,0.015151515151515152
lloyd,1,0.015151515151515152
south,1,0.015151515151515152
fourth,1,0.015151515151515152
street,1,0.015151515151515152
po,1,0.015151515151515152
box,1,0.015151515151515152
tel,1,0.015151515151515152
fax,1,0.015151515151515152
mlloyd,1,0.015151515151515152
entecheng,1,0.015151515151515152
novell,1,0.015151515151515152
net,1,0.015151515151515152
tech,1,0.015151515151515152
web,1,0.015151515151515152
sites,1,0.015151515151515152
positions,1,0.015151515151515152
