term,count,tf
simon,2,0.03571428571428571
tilley,2,0.03571428571428571
follow,3,0.05357142857142857
ups,3,0.05357142857142857
post,3,0.05357142857142857
followup,3,0.05357142857142857
workspace,2,0.03571428571428571
user,2,0.03571428571428571
faq,2,0.03571428571428571
posted,1,0.017857142857142856
hennie,2,0.03571428571428571
van,3,0.05357142857142857
scherpenzeel,3,0.05357142857142857
august,1,0.017857142857142856
website,2,0.03571428571428571
looks,2,0.03571428571428571
wish,2,0.03571428571428571
contact,2,0.03571428571428571
september,2,0.03571428571428571
name,1,0.017857142857142856
mail,1,0.017857142857142856
subject,1,0.017857142857142856
comments,1,0.017857142857142856
nice,1,0.017857142857142856
regards,1,0.017857142857142856
optional,2,0.03571428571428571
link,2,0.03571428571428571
url,2,0.03571428571428571
title,1,0.017857142857142856
image,1,0.017857142857142856
