term,count,tf
honors,2,0.1111111111111111
office,2,0.1111111111111111
staff,2,0.1111111111111111
dr,1,0.05555555555555555
ira,1,0.05555555555555555
cohen,1,0.05555555555555555
director,2,0.1111111111111111
ms,3,0.16666666666666666
sara,1,0.05555555555555555
assistant,1,0.05555555555555555
kerry,1,0.05555555555555555
susan,1,0.05555555555555555
