term,count,tf
powerpoint,3,0.2
internet,3,0.2
elizabeth,1,0.06666666666666667
david,1,0.06666666666666667
rod,1,0.06666666666666667
mitchell,1,0.06666666666666667
slide,2,0.13333333333333333
view,1,0.06666666666666667
graphic,1,0.06666666666666667
version,1,0.06666666666666667
