term,count,tf
index,2,0.2857142857142857
aw,2,0.2857142857142857
accesswatch,2,0.2857142857142857
size,1,0.14285714285714285
