term,count,tf
misery,6,0.06976744186046512
bay,6,0.06976744186046512
community,4,0.046511627906976744
cyber,1,0.011627906976744186
please,1,0.011627906976744186
patient,1,0.011627906976744186
major,1,0.011627906976744186
reconstruction,1,0.011627906976744186
currently,1,0.011627906976744186
heated,1,0.011627906976744186
meetings,1,0.011627906976744186
residents,1,0.011627906976744186
dust,1,0.011627906976744186
able,1,0.011627906976744186
walk,1,0.011627906976744186
enjoy,1,0.011627906976744186
week,1,0.011627906976744186
changes,1,0.011627906976744186
questions,2,0.023255813953488372
miserybay,2,0.023255813953488372
service,1,0.011627906976744186
internet,1,0.011627906976744186
page,1,0.011627906976744186
dedicated,1,0.011627906976744186
frequently,1,0.011627906976744186
meet,1,0.011627906976744186
people,1,0.011627906976744186
learned,1,0.011627906976744186
school,2,0.023255813953488372
odds,1,0.011627906976744186
camera,1,0.011627906976744186
signature,1,0.011627906976744186
collection,1,0.011627906976744186
st,2,0.023255813953488372
johns,1,0.011627906976744186
michigan,1,0.011627906976744186
gaines,2,0.023255813953488372
elementary,1,0.011627906976744186
black,1,0.011627906976744186
sheep,1,0.011627906976744186
woman,1,0.011627906976744186
doesn,1,0.011627906976744186
oxygen,1,0.011627906976744186
rose,1,0.011627906976744186
publishing,1,0.011627906976744186
picture,1,0.011627906976744186
peace,1,0.011627906976744186
education,1,0.011627906976744186
center,1,0.011627906976744186
divine,1,0.011627906976744186
mercy,1,0.011627906976744186
sfo,1,0.011627906976744186
region,1,0.011627906976744186
conventual,2,0.023255813953488372
marytown,2,0.023255813953488372
press,1,0.011627906976744186
bonaventure,1,0.011627906976744186
franciscan,1,0.011627906976744186
province,1,0.011627906976744186
village,1,0.011627906976744186
search,1,0.011627906976744186
site,1,0.011627906976744186
publications,1,0.011627906976744186
http,1,0.011627906976744186
www,1,0.011627906976744186
com,1,0.011627906976744186
