term,count,tf
ethical,4,0.08695652173913043
growth,2,0.043478260869565216
fund,3,0.06521739130434782
eligibility,1,0.021739130434782608
rrsp,1,0.021739130434782608
rrif,1,0.021739130434782608
investment,2,0.043478260869565216
objective,1,0.021739130434782608
provide,1,0.021739130434782608
current,1,0.021739130434782608
income,1,0.021739130434782608
preservation,1,0.021739130434782608
capital,1,0.021739130434782608
primarily,1,0.021739130434782608
common,1,0.021739130434782608
stock,1,0.021739130434782608
canadian,1,0.021739130434782608
companies,1,0.021739130434782608
meet,1,0.021739130434782608
criteria,1,0.021739130434782608
bonds,1,0.021739130434782608
bills,1,0.021739130434782608
purchased,1,0.021739130434782608
time,2,0.043478260869565216
consider,1,0.021739130434782608
option,1,0.021739130434782608
medium,1,0.021739130434782608
risk,1,0.021739130434782608
tolerance,1,0.021739130434782608
family,1,0.021739130434782608
funds,1,0.021739130434782608
accounts,1,0.021739130434782608
services,1,0.021739130434782608
copyright,1,0.021739130434782608
surrey,1,0.021739130434782608
metro,1,0.021739130434782608
savings,1,0.021739130434782608
august,1,0.021739130434782608
