term,count,tf
de,1,0.16666666666666666
productos,1,0.16666666666666666
lubricantes,2,0.3333333333333333
automotrices,1,0.16666666666666666
industriales,1,0.16666666666666666
