term,count,tf
indonesia,1,0.16666666666666666
crude,1,0.16666666666666666
oil,1,0.16666666666666666
natural,1,0.16666666666666666
gas,1,0.16666666666666666
operations,1,0.16666666666666666
